"Granule Name","Platform","Sensor","Beam Mode","Beam Mode Description","Orbit","Path Number","Frame Number","Acquisition Date","Processing Date","Processing Level","Start Time","End Time","Center Lat","Center Lon","Near Start Lat","Near Start Lon","Far Start Lat","Far Start Lon","Near End Lat","Near End Lon","Far End Lat","Far End Lon","Faraday Rotation","Ascending or Descending?","URL","Size (MB)","Off Nadir Angle","Stack Size","Doppler","GroupID","Pointing Angle"
"S1A_IW_GRDH_1SDV_20150521T103812_20150521T103837_006018_007C2A_2102","Sentinel-1A","C-SAR","IW","Interferometric Wide. 250 km swath, 5 m x 20 m spatial resolution and burst synchronization for interferometry. IW is considered to be the standard mode over land masses.","6018","171","623","2015-05-21T10:38:37.000000","2015-05-21T10:38:12.000000","GRD_HD","2015-05-21T10:38:12.000000","2015-05-21T10:38:37.000000","-9.3268","-75.3465","-8.828051","-74.038597","-8.315585","-76.309486","-10.336688","-74.37928","-9.818826","-76.658585","None","DESCENDING","https://datapool.asf.alaska.edu/GRD_HD/SA/S1A_IW_GRDH_1SDV_20150521T103812_20150521T103837_006018_007C2A_2102.zip","1073.7762870788574","None","None","0","S1A_IWDV_0623_0628_006018_171",""
"S1A_IW_GRDH_1SDV_20150521T103747_20150521T103812_006018_007C2A_A40C","Sentinel-1A","C-SAR","IW","Interferometric Wide. 250 km swath, 5 m x 20 m spatial resolution and burst synchronization for interferometry. IW is considered to be the standard mode over land masses.","6018","171","618","2015-05-21T10:38:12.000000","2015-05-21T10:37:47.000000","GRD_HD","2015-05-21T10:37:47.000000","2015-05-21T10:38:12.000000","-7.8196","-75.0065","-7.317477","-73.708084","-6.810448","-75.971115","-8.827961","-74.038582","-8.315698","-76.308578","None","DESCENDING","https://datapool.asf.alaska.edu/GRD_HD/SA/S1A_IW_GRDH_1SDV_20150521T103747_20150521T103812_006018_007C2A_A40C.zip","1063.598638534546","None","None","0","S1A_IWDV_0618_0623_006018_171",""
"S1A_IW_GRDH_1SDV_20150516T103022_20150516T103047_005945_007A91_BEAA","Sentinel-1A","C-SAR","IW","Interferometric Wide. 250 km swath, 5 m x 20 m spatial resolution and burst synchronization for interferometry. IW is considered to be the standard mode over land masses.","5945","98","627","2015-05-16T10:30:47.000000","2015-05-16T10:30:22.000000","GRD_HD","2015-05-16T10:30:22.000000","2015-05-16T10:30:47.000000","-10.7773","-73.6275","-10.282114","-72.309258","-9.763844","-74.590904","-11.789022","-72.658813","-11.265179","-74.95031","None","DESCENDING","https://datapool.asf.alaska.edu/GRD_HD/SA/S1A_IW_GRDH_1SDV_20150516T103022_20150516T103047_005945_007A91_BEAA.zip","1077.497109413147","None","None","0","S1A_IWDV_0627_0632_005945_098",""
"S1A_IW_GRDH_1SDV_20150516T102957_20150516T103022_005945_007A91_E94A","Sentinel-1A","C-SAR","IW","Interferometric Wide. 250 km swath, 5 m x 20 m spatial resolution and burst synchronization for interferometry. IW is considered to be the standard mode over land masses.","5945","98","622","2015-05-16T10:30:22.000000","2015-05-16T10:29:57.000000","GRD_HD","2015-05-16T10:29:57.000000","2015-05-16T10:30:22.000000","-9.2717","-73.2786","-8.772733","-71.971451","-8.260074","-74.243713","-10.282024","-72.309242","-9.763981","-74.589912","None","DESCENDING","https://datapool.asf.alaska.edu/GRD_HD/SA/S1A_IW_GRDH_1SDV_20150516T102957_20150516T103022_005945_007A91_E94A.zip","1058.2812643051147","None","None","0","S1A_IWDV_0622_0627_005945_098",""
"S1A_IW_GRDH_1SDV_20150516T102932_20150516T102957_005945_007A91_771D","Sentinel-1A","C-SAR","IW","Interferometric Wide. 250 km swath, 5 m x 20 m spatial resolution and burst synchronization for interferometry. IW is considered to be the standard mode over land masses.","5945","98","617","2015-05-16T10:29:57.000000","2015-05-16T10:29:32.000000","GRD_HD","2015-05-16T10:29:32.000000","2015-05-16T10:29:57.000000","-7.7643","-72.9392","-7.262535","-71.639214","-6.755316","-73.903709","-8.772643","-71.971428","-8.260187","-74.242813","None","DESCENDING","https://datapool.asf.alaska.edu/GRD_HD/SA/S1A_IW_GRDH_1SDV_20150516T102932_20150516T102957_005945_007A91_771D.zip","1057.2666358947754","None","None","0","S1A_IWDV_0617_0622_005945_098",""
"S1A_IW_GRDH_1SDV_20150511T102224_20150511T102249_005872_0078FB_0DB8","Sentinel-1A","C-SAR","IW","Interferometric Wide. 250 km swath, 5 m x 20 m spatial resolution and burst synchronization for interferometry. IW is considered to be the standard mode over land masses.","5872","25","631","2015-05-11T10:22:49.000000","2015-05-11T10:22:24.000000","GRD_HD","2015-05-11T10:22:24.000000","2015-05-11T10:22:49.000000","-11.7398","-71.7975","-11.247325","-70.470444","-10.724958","-72.760658","-12.752675","-70.828392","-12.22456","-73.129509","None","DESCENDING","https://datapool.asf.alaska.edu/GRD_HD/SA/S1A_IW_GRDH_1SDV_20150511T102224_20150511T102249_005872_0078FB_0DB8.zip","1072.2398147583008","None","None","0","S1A_IWDV_0631_0636_005872_025",""
"S1A_IW_GRDH_1SDV_20150511T102159_20150511T102224_005872_0078FB_78F0","Sentinel-1A","C-SAR","IW","Interferometric Wide. 250 km swath, 5 m x 20 m spatial resolution and burst synchronization for interferometry. IW is considered to be the standard mode over land masses.","5872","25","626","2015-05-11T10:22:24.000000","2015-05-11T10:21:59.000000","GRD_HD","2015-05-11T10:21:59.000000","2015-05-11T10:22:24.000000","-10.2353","-71.4426","-9.738371","-70.130135","-9.221745","-72.409836","-11.247236","-70.470421","-10.725118","-72.759567","None","DESCENDING","https://datapool.asf.alaska.edu/GRD_HD/SA/S1A_IW_GRDH_1SDV_20150511T102159_20150511T102224_005872_0078FB_78F0.zip","1065.1164741516113","None","None","0","S1A_IWDV_0626_0631_005872_025",""
"S1A_IW_GRDH_1SDV_20150511T102134_20150511T102159_005872_0078FB_35B2","Sentinel-1A","C-SAR","IW","Interferometric Wide. 250 km swath, 5 m x 20 m spatial resolution and burst synchronization for interferometry. IW is considered to be the standard mode over land masses.","5872","25","621","2015-05-11T10:21:59.000000","2015-05-11T10:21:34.000000","GRD_HD","2015-05-11T10:21:34.000000","2015-05-11T10:21:59.000000","-8.7283","-71.1003","-8.228353","-69.795715","-7.717287","-72.066551","-9.738281","-70.130112","-9.221881","-72.408836","None","DESCENDING","https://datapool.asf.alaska.edu/GRD_HD/SA/S1A_IW_GRDH_1SDV_20150511T102134_20150511T102159_005872_0078FB_35B2.zip","1061.285406112671","None","None","0","S1A_IWDV_0621_0626_005872_025",""
